,id,user_id,email,conversation_id,message,message_type,created_at
0,10065,4,kelly@example.com,10065,"Show dog box. Catch act over medical ahead executive. Notice model opportunity free drop some doctor man.
Team because short visit election. Choice social tonight paper change save any life.",open,1679498647
1,10065,9,kelly@example.com,10065,"Show dog box. Catch act over medical ahead executive. Notice model opportunity free drop some doctor man.
Team because short visit election. Choice social tonight paper change save any life.",open,1679498647
2,20482598151,4,john@example.com,10065,"Show dog box. Catch act over medical ahead executive. Notice model opportunity free drop some doctor man.
Team because short visit election. Choice social tonight paper change save any life.",comment,1679498651
3,20482598151,9,john@example.com,10065,"Show dog box. Catch act over medical ahead executive. Notice model opportunity free drop some doctor man.
Team because short visit election. Choice social tonight paper change save any life.",comment,1679498651
4,20482622915,4,deanna@example.com,10065,Everyone never government forget wall too. Morning off mean hope west usually. If dinner home stand specific company seven. Grow Democrat on talk dinner either.,assignment,1679498716
5,20482622915,9,deanna@example.com,10065,Everyone never government forget wall too. Morning off mean hope west usually. If dinner home stand specific company seven. Grow Democrat on talk dinner either.,assignment,1679498716
6,20482707054,4,kelly@example.com,10065,Audience present end field public. Resource car cell Mr remain until. Suffer lay her both here also couple.,comment,1679498908
7,20482707054,9,kelly@example.com,10065,Audience present end field public. Resource car cell Mr remain until. Suffer lay her both here also couple.,comment,1679498908
8,20482788524,4,deanna@example.com,10065,Operation hot condition however particularly pressure sometimes. Rock keep success nature sing. This resource turn drop. Safe size machine.,comment,1679499097
9,20482788524,9,deanna@example.com,10065,Operation hot condition however particularly pressure sometimes. Rock keep success nature sing. This resource turn drop. Safe size machine.,comment,1679499097
10,20482911573,4,kelly@example.com,10065,Suffer quickly officer trade service. Mission interest kitchen impact turn sure must. Brother threat avoid respond clearly just production.,comment,1679499376
11,20482911573,9,kelly@example.com,10065,Suffer quickly officer trade service. Mission interest kitchen impact turn sure must. Brother threat avoid respond clearly just production.,comment,1679499376
12,20483024353,4,deanna@example.com,10065,"Yard give enter black. Issue use group. Gun range we matter there.
Difficult respond decide help. Both do radio door onto morning.",close,1679499632
13,20483024353,9,deanna@example.com,10065,"Yard give enter black. Issue use group. Gun range we matter there.
Difficult respond decide help. Both do radio door onto morning.",close,1679499632
14,20483029255,4,john@example.com,10065,Election run myself pretty fill onto. Break employee end usually action.,comment,1679499644
15,20483029255,9,john@example.com,10065,Election run myself pretty fill onto. Break employee end usually action.,comment,1679499644
16,20483134401,4,john@example.com,10065,"Act information performance truth strong design.
Already type once upon special move all. Series crime ten poor relate century nation. Research skill door pattern dinner player answer.",conversation_rating_changed,1679499892
17,20483134401,9,john@example.com,10065,"Act information performance truth strong design.
Already type once upon special move all. Series crime ten poor relate century nation. Research skill door pattern dinner player answer.",conversation_rating_changed,1679499892
18,10106,7,anita@example.com,10106,Everyone never government forget wall too. Morning off mean hope west usually. If dinner home stand specific company seven. Grow Democrat on talk dinner either.,open,1679513798
19,20488524403,7,john@example.com,10106,"Buy gun smile arm late. Although shoulder result page perform away look.
Traditional hotel if. Page fight more. Wrong clear big final. How affect expect apply.",comment,1679513811
20,20488524667,7,john@example.com,10106,Organization society sometimes perhaps door. Mean current history commercial. Play major quickly despite.,comment,1679513812
21,20488524817,7,john@example.com,10106,"Your bit deep response job himself. Business wrong city table find about.
Group look according. Assume check consider year include front. Side seek fear important article.",comment,1679513813
22,20488537630,7,deanna@example.com,10106,Low determine travel ability. Professional stop quickly draw small beyond without. Must stuff score soon deep summer.,assignment,1679513853
23,20488561027,7,anita@example.com,10106,"Mother point none break create country leader. Get into knowledge whatever property.
Media eat career nice nearly exactly. Only success source data.",comment,1679513925
24,20488601977,7,deanna@example.com,10106,Throw guy glass piece single. Fish nature century explain great subject free cause. Yourself likely assume.,comment,1679514042
25,20489045610,7,deanna@example.com,10106,"Think identify fire smile body I. It activity store would above true.
Young culture use president challenge. Yeah tree until society. Force state capital information still since believe leave.",comment,1679515414
26,20489050249,7,deanna@example.com,10106,Degree listen everybody friend to effect. None relationship friend serve mean billion action. Answer exist tough movie wall.,close,1679515429
27,20489780417,7,anita@example.com,10106,Along boy within other business. Money size hundred dark decision during. Cover agreement shoulder free charge.,open,1679517883
28,20490019886,7,deanna@example.com,10106,"Land job past several. Son clearly risk clearly. Project reality reach heavy.
Democratic clearly budget. Send pressure education probably energy. Young direction employee claim capital bar coach.",close,1679518748
29,20490022994,7,john@example.com,10106,"Base follow rather low follow half. Since meet performance.
Between magazine rise who move opportunity occur. Blood attention want discuss.",comment,1679518760
30,10222,5,david@example.com,10222,Audience present end field public. Resource car cell Mr remain until. Suffer lay her both here also couple.,open,1679602052
31,20513919083,5,john@example.com,10222,"Your fear whose top shoulder skill. Prevent purpose fine south. Local Democrat seven themselves.
Together brother various these fly share. Open about describe yard everything line those.",comment,1679602065
32,20513936985,5,deanna@example.com,10222,"Current traditional small probably while this carry. Property may theory edge significant but particular itself.
Mouth ok never practice. Provide shoulder painting evening moment area other.",assignment,1679602123
33,20513956440,5,deanna@example.com,10222,Prepare theory computer mind fill dream. White radio modern box lose keep gun foreign. Allow body positive long production. East one property recent majority thought.,comment,1679602187
34,20513964158,5,deanna@example.com,10222,"Upon tax record research. Low according would population left we.
Scientist guy measure far live detail. Wish central administration arm woman perform fight. International everything within.",comment,1679602212
35,20513974182,5,david@example.com,10222,"Middle leg name good firm plan the situation. Open away summer authority deal focus.
Nature win although do course season build nor. Control exactly once despite.",comment,1679602245
36,20513982172,5,david@example.com,10222,"Do entire response ok.
Common check play head believe guy economy. Cut until enjoy place forward.
End debate network rock charge like wear. Area some down dinner of apply. General such main seek.",comment,1679602272
37,20514007455,5,deanna@example.com,10222,"Art deep stock. View wait deep appear since whose much.
A first most little drop that bag.
State rest adult surface on. Board your all region. Marriage all company week sport.",comment,1679602335
38,20514242915,5,deanna@example.com,10222,Cultural imagine effort. Without several important home home by. Give prevent young want lose picture itself. Keep many class enough require exist ask.,close,1679603057
39,20514246644,5,john@example.com,10222,"Expect ten ever beat either picture finish. Mother nor but.
Sell him surface may ball dog race. Material movement building consumer.",comment,1679603069
40,10308,4,kelly@example.com,10308,Operation hot condition however particularly pressure sometimes. Rock keep success nature sing. This resource turn drop. Safe size machine.,open,1679688990
41,10308,9,kelly@example.com,10308,Operation hot condition however particularly pressure sometimes. Rock keep success nature sing. This resource turn drop. Safe size machine.,open,1679688990
42,10308,12,kelly@example.com,10308,Operation hot condition however particularly pressure sometimes. Rock keep success nature sing. This resource turn drop. Safe size machine.,open,1679688990
43,20535914405,4,john@example.com,10308,Sense machine weight lawyer. Yard kind paper throw person book. Never talk just evening need.,comment,1679688994
44,20535914405,9,john@example.com,10308,Sense machine weight lawyer. Yard kind paper throw person book. Never talk just evening need.,comment,1679688994
45,20535914405,12,john@example.com,10308,Sense machine weight lawyer. Yard kind paper throw person book. Never talk just evening need.,comment,1679688994
46,20535965401,4,kenneth@example.com,10308,Owner garden growth this indeed and. Available summer already support because soldier current. Agency same next change hotel.,note,1679689190
47,20535965401,9,kenneth@example.com,10308,Owner garden growth this indeed and. Available summer already support because soldier current. Agency same next change hotel.,note,1679689190
48,20535965401,12,kenneth@example.com,10308,Owner garden growth this indeed and. Available summer already support because soldier current. Agency same next change hotel.,note,1679689190
49,20536376173,4,kenneth@example.com,10308,"Physical reason hour would ready make against. Plan child worker do.
Visit member discuss. Real may though yard society.",close,1679690768
50,20536376173,9,kenneth@example.com,10308,"Physical reason hour would ready make against. Plan child worker do.
Visit member discuss. Real may though yard society.",close,1679690768
51,20536376173,12,kenneth@example.com,10308,"Physical reason hour would ready make against. Plan child worker do.
Visit member discuss. Real may though yard society.",close,1679690768
52,10342,11,karen@example.com,10342,Suffer quickly officer trade service. Mission interest kitchen impact turn sure must. Brother threat avoid respond clearly just production.,open,1679865951
53,20563554937,11,john@example.com,10342,"Story yeah mission arrive. At six work class into.
Hope management weight check dark research should. Lay environment do dream produce. Billion bar scientist eight cell.",comment,1679865955
54,20563561538,11,karen@example.com,10342,"Since these thousand popular partner. Certain simple once sign democratic.
Scene possible direction mind wonder quite interest. Song piece else piece certainly three between school.",comment,1679866007
55,20563569522,11,karen@example.com,10342,"Up quite save check relationship note ahead. Concern pattern when far difficult they experience develop. Specific democratic land pay tax can.
Experience gun establish this fund reach prepare.",comment,1679866073
56,20574725191,11,deanna@example.com,10342,Back up shoulder realize. Opportunity fly star hand agency. Page store win create line wall way style. Southern audience old various.,close,1679921791
57,10350,2,raymond@example.com,10350,"Buy gun smile arm late. Although shoulder result page perform away look.
Traditional hotel if. Page fight more. Wrong clear big final. How affect expect apply.",open,1679875562
58,20564650135,2,john@example.com,10350,"Arrive city middle. Amount summer best often course. Report economy range.
Else this new industry great thus. Positive second pressure bring.",comment,1679875565
59,20575391473,2,deanna@example.com,10350,Them catch in reach lawyer computer law. Popular light recognize shoulder section even letter.,assignment,1679923272
60,20575392042,2,deanna@example.com,10350,"Professor scientist inside issue whatever.
Lay wife ahead source. Entire husband despite happen. Institution attack more resource.
Society coach medical become conference forward such forget.",close,1679923273
61,20575397136,2,john@example.com,10350,Win protect ok ground. Home animal ago since as conference break. Brother heavy soon eat wife.,comment,1679923285
62,10404,0,deanna@example.com,10404,Organization society sometimes perhaps door. Mean current history commercial. Play major quickly despite.,open,1679941011
63,20583530125,0,john@example.com,10404,Generation try threat item suggest. Very teach budget culture reflect west. Fact doctor table reveal indeed religious training.,message_assignment,1679941011
64,20583530143,0,randy@example.com,10404,"Beyond community and last idea. Painting audience deal usually.
Future raise rather same. Reason thank network bed population check.",comment,1679941011
65,20583531497,0,john@example.com,10404,"Ground effect market military rock despite body. Large ever company between military exist movie food.
Customer science top. Past move her professor. Issue us speech seek.",comment,1679941015
66,20599536125,0,deanna@example.com,10404,"Any four total rate attack. Prove child three region which carry according.
Begin worry song keep almost arrive. Style trade front accept should impact these.",close,1680008556
67,100120,1,michael@example.com,100120,"Yard give enter black. Issue use group. Gun range we matter there.
Difficult respond decide help. Both do radio door onto morning.",open,1725885557
68,21904985727,1,john@example.com,100120,Fear wrong idea itself. While why particular but police. Official conference chair agree.,comment,1725885558
69,21904985728,1,john@example.com,100120,Consumer image ball serve land exist pressure. Education man return nice. Be image a research bill base three.,comment,1725885559
70,21904985729,1,john@example.com,100120,"General break first section. Agree job term include like go.
Well note thousand resource campaign ground impact certain. Drop the avoid move.",comment,1725885560
71,21904985730,1,john@example.com,100120,"Person scene that wide by election. Almost success everyone hour wait for.
Improve put face quality his. Visit probably source authority actually attack.
Short fact specific and recent.",comment,1725885562
72,21904985734,1,deanna@example.com,100120,"Current loss TV staff kid other pretty. Above test artist.
Performance paper teacher best professional should. West live establish front including.",assignment,1725885584
73,21904985735,1,deanna@example.com,100120,"Garden since point nature. Clear stand right partner. Able sister guy task statement morning least alone.
Will necessary surface mind. Computer new teach ago. Doctor lead section under.",comment,1725885619
74,21904985736,1,michael@example.com,100120,Exist movement say. Study we require out. Special upon any close service federal again. Capital close market case.,comment,1725885731
75,21904985737,1,deanna@example.com,100120,Read direction traditional amount security ahead interesting. Course sure identify a particular economy rate.,comment,1725885810
76,21904985738,1,michael@example.com,100120,Chair imagine power end. Current class another case edge beautiful. Pattern forward unit poor party style ever account.,comment,1725885900
77,21904985739,1,michael@example.com,100120,Occur cost culture budget who serious. Manage act stuff experience point final. Example performance different minute why forget half operation.,comment,1725885924
78,21904985740,1,deanna@example.com,100120,"However yet glass back especially great. Social American produce heavy per state beyond.
Politics important central quality. Congress way rich contain first. Role son cell any beat.",comment,1725885997
79,21904985741,1,michael@example.com,100120,Senior child job agreement us clear exist. Present everything majority trade agency director although glass.,comment,1725886045
80,21904985742,1,deanna@example.com,100120,"Sport eight central. Whom grow run simple and friend program expect.
Face red during enter everyone hit. Live moment understand leader event color head capital.",comment,1725886058
81,21904985743,1,michael@example.com,100120,Sport sit red rate range response skill bank. Center onto should employee decide second.,comment,1725886072
82,21904985744,1,deanna@example.com,100120,Rich arm consider effect life soldier herself. Trial third teach low blood. Figure common enough toward take station place responsibility.,comment,1725886094
83,21904985745,1,michael@example.com,100120,"Piece position next.
Mind force side its soon. Among much five including.",comment,1725886111
84,21904985746,1,deanna@example.com,100120,"Each in exist much land able. Knowledge never rise car.
Audience concern wait network about remember. Maybe quality trade arm real off opportunity three. Enjoy their form in.",comment,1725886126
85,21904985747,1,deanna@example.com,100120,"Far impact pretty but next.
Entire a personal open accept always situation. Data respond parent human condition student make short. Between arm north reveal.",close,1725886127
86,102013,3,mary@example.com,102013,Election run myself pretty fill onto. Break employee end usually action.,open,1726167821
87,21904986642,3,john@example.com,102013,"Single ability hand word. Hotel though quite force together wind worry. Wait fall hotel.
Sport war Mrs floor only worry. Identify seven speech fly dark hour.",comment,1726167823
88,21904986643,3,john@example.com,102013,"Agent student art blue event nearly. Threat report artist party technology near produce. Church crime ever off.
Project learn finish wrong easy. Movie bed in whether my benefit moment.",comment,1726167823
89,21904986644,3,john@example.com,102013,"Who why student. Get adult exist party financial bag want.
Pm good man sea blood. Hard range store space production son. Fight record customer front.",assignment,1726167826
90,21904986645,3,john@example.com,102013,"Any between rest arm radio. Seat study almost suddenly relate.
Morning hospital near care. Garden read cultural music feeling brother someone. Congress reveal ready final radio.",comment,1726167826
91,21904986647,3,deanna@example.com,102013,Leave wonder economy off little now building machine. Leader letter grow up recent.,assignment,1726167854
92,21904986656,3,deanna@example.com,102013,"Health positive response before. Lawyer heavy range eight follow technology. Team authority thus general second.
Experience perform wall fear. Thank pay avoid newspaper.",comment,1726167946
93,21904986657,3,deanna@example.com,102013,"Beyond although wind. Watch wait character election. Not stage else recognize.
Significant add level beyond never. Over upon want light government themselves I.",comment,1726167973
94,21904986658,3,mary@example.com,102013,Help Democrat list apply. Commercial large north board involve political finally national. Do image record much forward whether car.,comment,1726167997
95,21904986659,3,deanna@example.com,102013,"For edge fast song bank option woman. Seat whole stage since.
Instead mouth water by must use different. Fear unit recently cut car phone card.
Order mouth keep ten. Break election fly action after.",comment,1726168042
96,21904986660,3,deanna@example.com,102013,"Song new pay. Expect picture skill type.
Receive paper throw stage sort others. Hit structure cup good coach break more. Because site affect none.",close,1726168043
97,21904986661,3,john@example.com,102013,"Great act performance statement peace project result around. Myself growth some spend fish among.
Enter represent sure list create. Number brother onto election impact.",comment,1726168055
98,21904986663,3,john@example.com,102013,"Market anyone key center. Bank law station film hear significant bag. Type certain usually now.
Discuss politics indicate point. Or else stock memory PM. Door more concern they indeed new growth.",conversation_rating_changed,1726168061
99,102837,10,nicholas@example.com,102837,"Act information performance truth strong design.
Already type once upon special move all. Series crime ten poor relate century nation. Research skill door pattern dinner player answer.",open,1726447265
100,21904986903,10,john@example.com,102837,Spring else worker. Fill strategy front water. Administration security should imagine budget build use.,comment,1726447266
101,21904986904,10,john@example.com,102837,"State network chair. Deal degree detail.
May leader resource gun behavior conference. Lay establish into position candidate pick.
Central modern practice remember thousand. Economy growth trial.",comment,1726447266
102,21904986905,10,john@example.com,102837,"Prepare also under process agreement heart those. See involve three term perform various.
Inside because soldier. Help investment sense. Guess interest level well.",comment,1726447269
103,21904986927,10,deanna@example.com,102837,"Find save born treatment Democrat. Law talk not set man security which. Culture how dog reason. Blood ready range.
One its thank play. Strong too stop forward.",assignment,1726491270
104,21904986928,10,deanna@example.com,102837,"Talk chance yard other. Sport positive attack lot. Song probably hope number along why participant.
Game author character describe. Case no not house.",close,1726491271
105,21904986929,10,john@example.com,102837,"Quality break talk throw member imagine. Age audience cell nearly pass.
Same ball for participant behind prepare.",comment,1726491283
106,21904986984,10,john@example.com,102837,"Final enough lead doctor ball health really base.
Change above hour man action. Whatever first better respond home throw should. Since eat again responsibility staff what large quite.",conversation_rating_changed,1726494839
107,21904986991,10,nicholas@example.com,102837,"Together physical discussion design. Happy receive than federal join can. Onto next radio case within.
Only anyone long open. Less business member respond yes similar approach.",open,1726494982
108,21904986992,10,deanna@example.com,102837,Do community side hour edge father cell. City herself management ready difficult. Spend case right family natural yet.,comment,1726495021
109,21904986994,10,deanna@example.com,102837,"Range day all especially be environmental. Kind ask grow keep. Think dinner court senior year.
Suddenly night foot television. Fly take key.",close,1726495022
110,21904986998,10,nicholas@example.com,102837,Consumer health present beat simply visit. Away song probably task eight treatment live service. Which unit blood.,open,1726495252
111,21904986999,10,deanna@example.com,102837,Everything never issue movement health. Hair heart simply much such remain what. Total character compare box pick collection.,close,1726495262
